<?xml version="1.0" encoding="UTF-8"?>
<jxb:bindings version="1.0"
               xmlns:jxb="http://java.sun.com/xml/ns/jaxb"
               xmlns:xjc="http://java.sun.com/xml/ns/jaxb/xjc"
               xmlns:xsd="http://www.w3.org/2001/XMLSchema">

    <jxb:globalBindings
         fixedAttributeAsConstantProperty="false"
         collectionType="java.util.ArrayList"
         choiceContentProperty="true"
         typesafeEnumMemberName="generateError"
         enableFailFastCheck="false"   
         generateIsSetMethod="false"
         underscoreBinding="asCharInWord">
    </jxb:globalBindings>
 
	<jxb:bindings schemaLocation="FumlConfig.xsd" node="/xsd:schema">
	    <jxb:schemaBindings>
	        <jxb:package name="org.modeldriven.fuml.config">
	            <jxb:javadoc><![CDATA[<body>Package level documentation for generated package org.modeldriven.fuml.config.</body>]]></jxb:javadoc>
            </jxb:package>
	    </jxb:schemaBindings>
	</jxb:bindings>
</jxb:bindings>